cardinality of set,1,2,3,4,5,6,7,8,9,10,11,12,13,14,15,16,17,18,19,20
bool_band,,,,,,,,,,,,,,,,,,,,,
count,0,0,10,10,10,10,0,0,0,0,0,0,0,0,0,0,0,0,0,0,0
syrup-correct,0,0,0,1,6,10,0,0,0,0,0,0,0,0,0,0,0,0,0,0,0
burst-correct,0,0,0,1,6,10,0,0,0,0,0,0,0,0,0,0,0,0,0,0,0
smyth-correct,0,0,0,1,6,10,0,0,0,0,0,0,0,0,0,0,0,0,0,0,0
smyth-rec-correct,0,0,0,0,0,0,0,0,0,0,0,0,0,0,0,0,0,0,0,0,0
burst-sof,0,0,0,0,0,0,0,0,0,0,0,0,0,0,0,0,0,0,0,0,0
smyth-sof,0,0,0,0,0,0,0,0,0,0,0,0,0,0,0,0,0,0,0,0,0
smyth-nosol,0,0,0,0,0,0,0,0,0,0,0,0,0,0,0,0,0,0,0,0,0
syruptime,0,0,0.0021000000000000003,0.0029999999999999996,0.005699999999999999,0.0068000000000000005,0,0,0,0,0,0,0,0,0,0,0,0,0,0,0
burst-time,0,0,0.0189,0.0238,0.055900000000000005,0.0591,0,0,0,0,0,0,0,0,0,0,0,0,0,0,0
smyth-time,0,0,0.041876999999899994,0.046018999999429995,0.06300099999975001,0.07414099999981999,0,0,0,0,0,0,0,0,0,0,0,0,0,0,0
syruptimeout,0,0,0,0,0,0,0,0,0,0,0,0,0,0,0,0,0,0,0,0,0
burst-timeout,0,0,0,0,0,0,0,0,0,0,0,0,0,0,0,0,0,0,0,0,0
smyth-timeout,0,0,0,0,0,0,0,0,0,0,0,0,0,0,0,0,0,0,0,0,0
bool_bor,,,,,,,,,,,,,,,,,,,,,
count,0,0,10,10,10,10,0,0,0,0,0,0,0,0,0,0,0,0,0,0,0
syrup-correct,0,0,0,2,3,10,0,0,0,0,0,0,0,0,0,0,0,0,0,0,0
burst-correct,0,0,0,2,3,10,0,0,0,0,0,0,0,0,0,0,0,0,0,0,0
smyth-correct,0,0,0,2,3,10,0,0,0,0,0,0,0,0,0,0,0,0,0,0,0
smyth-rec-correct,0,0,0,0,0,0,0,0,0,0,0,0,0,0,0,0,0,0,0,0,0
burst-sof,0,0,0,0,0,0,0,0,0,0,0,0,0,0,0,0,0,0,0,0,0
smyth-sof,0,0,0,0,0,0,0,0,0,0,0,0,0,0,0,0,0,0,0,0,0
smyth-nosol,0,0,0,0,0,0,0,0,0,0,0,0,0,0,0,0,0,0,0,0,0
syruptime,0,0,0.0020000000000000005,0.0034000000000000002,0.004200000000000001,0.0055,0,0,0,0,0,0,0,0,0,0,0,0,0,0,0
burst-time,0,0,0.017799999999999996,0.0272,0.028399999999999995,0.051800000000000006,0,0,0,0,0,0,0,0,0,0,0,0,0,0,0
smyth-time,0,0,0.04496700000025999,0.04387999999995,0.044973999999919995,0.052464000000079995,0,0,0,0,0,0,0,0,0,0,0,0,0,0,0
syruptimeout,0,0,0,0,0,0,0,0,0,0,0,0,0,0,0,0,0,0,0,0,0
burst-timeout,0,0,0,0,0,0,0,0,0,0,0,0,0,0,0,0,0,0,0,0,0
smyth-timeout,0,0,0,0,0,0,0,0,0,0,0,0,0,0,0,0,0,0,0,0,0
bool_impl,,,,,,,,,,,,,,,,,,,,,
count,0,0,10,10,10,10,0,0,0,0,0,0,0,0,0,0,0,0,0,0,0
syrup-correct,0,0,0,0,5,10,0,0,0,0,0,0,0,0,0,0,0,0,0,0,0
burst-correct,0,0,0,0,5,10,0,0,0,0,0,0,0,0,0,0,0,0,0,0,0
smyth-correct,0,0,0,0,5,10,0,0,0,0,0,0,0,0,0,0,0,0,0,0,0
smyth-rec-correct,0,0,0,0,0,0,0,0,0,0,0,0,0,0,0,0,0,0,0,0,0
burst-sof,0,0,0,0,0,0,0,0,0,0,0,0,0,0,0,0,0,0,0,0,0
smyth-sof,0,0,0,0,0,0,0,0,0,0,0,0,0,0,0,0,0,0,0,0,0
smyth-nosol,0,0,0,0,0,0,0,0,0,0,0,0,0,0,0,0,0,0,0,0,0
syruptime,0,0,0.0022000000000000006,0.0029999999999999996,0.004600000000000001,0.005599999999999999,0,0,0,0,0,0,0,0,0,0,0,0,0,0,0
burst-time,0,0,0.018299999999999997,0.022799999999999997,0.0346,0.038500000000000006,0,0,0,0,0,0,0,0,0,0,0,0,0,0,0
smyth-time,0,0,0.041543999999940004,0.041918999999559996,0.05919599999993,0.05266000000005,0,0,0,0,0,0,0,0,0,0,0,0,0,0,0
syruptimeout,0,0,0,0,0,0,0,0,0,0,0,0,0,0,0,0,0,0,0,0,0
burst-timeout,0,0,0,0,0,0,0,0,0,0,0,0,0,0,0,0,0,0,0,0,0
smyth-timeout,0,0,0,0,0,0,0,0,0,0,0,0,0,0,0,0,0,0,0,0,0
bool_neg,,,,,,,,,,,,,,,,,,,,,
count,0,0,10,10,0,0,0,0,0,0,0,0,0,0,0,0,0,0,0,0,0
syrup-correct,0,0,4,10,0,0,0,0,0,0,0,0,0,0,0,0,0,0,0,0,0
burst-correct,0,0,4,10,0,0,0,0,0,0,0,0,0,0,0,0,0,0,0,0,0
smyth-correct,0,0,4,10,0,0,0,0,0,0,0,0,0,0,0,0,0,0,0,0,0
smyth-rec-correct,0,0,0,0,0,0,0,0,0,0,0,0,0,0,0,0,0,0,0,0,0
burst-sof,0,0,0,0,0,0,0,0,0,0,0,0,0,0,0,0,0,0,0,0,0
smyth-sof,0,0,0,0,0,0,0,0,0,0,0,0,0,0,0,0,0,0,0,0,0
smyth-nosol,0,0,0,0,0,0,0,0,0,0,0,0,0,0,0,0,0,0,0,0,0
syruptime,0,0,0.0020000000000000005,0.0021000000000000003,0,0,0,0,0,0,0,0,0,0,0,0,0,0,0,0,0
burst-time,0,0,0.002,0.0048000000000000004,0,0,0,0,0,0,0,0,0,0,0,0,0,0,0,0,0
smyth-time,0,0,0.024465000000180002,0.028775999999870006,0,0,0,0,0,0,0,0,0,0,0,0,0,0,0,0,0
syruptimeout,0,0,0,0,0,0,0,0,0,0,0,0,0,0,0,0,0,0,0,0,0
burst-timeout,0,0,0,0,0,0,0,0,0,0,0,0,0,0,0,0,0,0,0,0,0
smyth-timeout,0,0,0,0,0,0,0,0,0,0,0,0,0,0,0,0,0,0,0,0,0
bool_xor,,,,,,,,,,,,,,,,,,,,,
count,0,0,10,10,10,10,0,0,0,0,0,0,0,0,0,0,0,0,0,0,0
syrup-correct,0,0,0,1,2,10,0,0,0,0,0,0,0,0,0,0,0,0,0,0,0
burst-correct,0,0,0,1,2,10,0,0,0,0,0,0,0,0,0,0,0,0,0,0,0
smyth-correct,0,0,0,0,2,10,0,0,0,0,0,0,0,0,0,0,0,0,0,0,0
smyth-rec-correct,0,0,0,0,0,0,0,0,0,0,0,0,0,0,0,0,0,0,0,0,0
burst-sof,0,0,0,0,0,0,0,0,0,0,0,0,0,0,0,0,0,0,0,0,0
smyth-sof,0,0,0,0,0,0,0,0,0,0,0,0,0,0,0,0,0,0,0,0,0
smyth-nosol,0,0,0,0,0,0,0,0,0,0,0,0,0,0,0,0,0,0,0,0,0
syruptime,0,0,0.0024000000000000002,0.005299999999999999,0.008,0.0262,0,0,0,0,0,0,0,0,0,0,0,0,0,0,0
burst-time,0,0,0.021400000000000002,0.0319,0.0336,0.0409,0,0,0,0,0,0,0,0,0,0,0,0,0,0,0
smyth-time,0,0,0.046071999999869995,0.0683349999999,0.058487000000009996,0.09250100000032001,0,0,0,0,0,0,0,0,0,0,0,0,0,0,0
syruptimeout,0,0,0,0,0,0,0,0,0,0,0,0,0,0,0,0,0,0,0,0,0
burst-timeout,0,0,0,0,0,0,0,0,0,0,0,0,0,0,0,0,0,0,0,0,0
smyth-timeout,0,0,0,0,0,0,0,0,0,0,0,0,0,0,0,0,0,0,0,0,0
nat_add,,,,,,,,,,,,,,,,,,,,,
count,0,0,10,10,10,10,10,10,10,10,10,0,0,0,0,0,0,0,0,0,0
syrup-correct,0,0,7,10,10,10,10,10,10,10,10,0,0,0,0,0,0,0,0,0,0
burst-correct,0,0,0,0,1,2,5,4,5,8,8,0,0,0,0,0,0,0,0,0,0
smyth-correct,0,0,0,0,3,9,9,10,10,10,10,0,0,0,0,0,0,0,0,0,0
smyth-rec-correct,0,0,2,9,10,10,10,10,10,10,10,0,0,0,0,0,0,0,0,0,0
burst-sof,0,0,0,0,0,0,0,0,0,0,0,0,0,0,0,0,0,0,0,0,0
smyth-sof,0,0,0,0,0,0,0,0,0,0,0,0,0,0,0,0,0,0,0,0,0
smyth-nosol,0,0,0,0,0,0,0,0,0,0,0,0,0,0,0,0,0,0,0,0,0
syruptime,0,0,0.034199999999999994,0.1194,0.10120000000000001,0.3769,0.1609,0.5942999999999999,0.7714,0.8449999999999999,0.7864,0,0,0,0,0,0,0,0,0,0
burst-time,0,0,0.8069000000000002,7.4116,3.8583000000000003,55.542699999999996,58.503099999999996,204.0016,18.8314,84.0036,16.9365,0,0,0,0,0,0,0,0,0,0
smyth-time,0,0,0.04959000000008,0.07985100000019,0.06534999999986,0.07374899999991,0.07141799999974001,0.07063399999969999,0.07000199999993,0.07565799999975001,0.07469500000025,0,0,0,0,0,0,0,0,0,0
syruptimeout,0,0,0,0,0,0,0,0,0,0,0,0,0,0,0,0,0,0,0,0,0
burst-timeout,0,0,0,4,4,7,4,5,4,2,2,0,0,0,0,0,0,0,0,0,0
smyth-timeout,0,0,0,0,0,0,0,0,0,0,0,0,0,0,0,0,0,0,0,0,0
nat_iseven,,,,,,,,,,,,,,,,,,,,,
count,0,0,10,10,10,10,0,0,0,0,0,0,0,0,0,0,0,0,0,0,0
syrup-correct,0,0,0,1,4,10,0,0,0,0,0,0,0,0,0,0,0,0,0,0,0
burst-correct,0,0,0,0,1,10,0,0,0,0,0,0,0,0,0,0,0,0,0,0,0
smyth-correct,0,0,0,1,4,10,0,0,0,0,0,0,0,0,0,0,0,0,0,0,0
smyth-rec-correct,0,0,0,3,7,10,0,0,0,0,0,0,0,0,0,0,0,0,0,0,0
burst-sof,0,0,0,0,0,0,0,0,0,0,0,0,0,0,0,0,0,0,0,0,0
smyth-sof,0,0,0,0,0,0,0,0,0,0,0,0,0,0,0,0,0,0,0,0,0
smyth-nosol,0,0,0,0,0,0,0,0,0,0,0,0,0,0,0,0,0,0,0,0,0
syruptime,0,0,0.0027,0.006500000000000001,0.013399999999999999,0.018099999999999998,0,0,0,0,0,0,0,0,0,0,0,0,0,0,0
burst-time,0,0,0.0943,0.1655,0.1336,0.18140000000000003,0,0,0,0,0,0,0,0,0,0,0,0,0,0,0
smyth-time,0,0,0.0314780000001,0.04139800000009,0.05106299999989,0.046631000000159996,0,0,0,0,0,0,0,0,0,0,0,0,0,0,0
syruptimeout,0,0,0,0,0,0,0,0,0,0,0,0,0,0,0,0,0,0,0,0,0
burst-timeout,0,0,0,0,0,0,0,0,0,0,0,0,0,0,0,0,0,0,0,0,0
smyth-timeout,0,0,0,0,0,0,0,0,0,0,0,0,0,0,0,0,0,0,0,0,0
nat_max,,,,,,,,,,,,,,,,,,,,,
count,0,0,10,10,10,10,10,10,10,10,10,10,0,0,0,0,0,0,0,0,0
syrup-correct,0,0,0,0,1,1,1,2,2,1,9,8,0,0,0,0,0,0,0,0,0
burst-correct,0,0,0,0,0,0,0,0,0,1,2,2,0,0,0,0,0,0,0,0,0
smyth-correct,0,0,0,0,0,2,1,3,6,5,10,10,0,0,0,0,0,0,0,0,0
smyth-rec-correct,0,0,0,0,0,4,1,4,6,5,10,10,0,0,0,0,0,0,0,0,0
burst-sof,0,0,0,0,0,0,0,0,0,0,0,0,0,0,0,0,0,0,0,0,0
smyth-sof,0,0,0,0,0,0,0,0,0,0,0,0,0,0,0,0,0,0,0,0,0
smyth-nosol,0,0,0,0,0,0,0,0,0,0,0,0,0,0,0,0,0,0,0,0,0
syruptime,0,0,0.045399999999999996,0.4486,1.1714,32.6414,3.2531999999999996,77.436,40.43840000000001,76.3151,61.52310000000001,124.7248,0,0,0,0,0,0,0,0,0
burst-time,0,0,0.32830000000000004,4.5433,9.2059,0.9926999999999999,171.0311,24.0527,0.28759999999999997,9.950000000000001,68.1424,15.4456,0,0,0,0,0,0,0,0,0
smyth-time,0,0,0.03901300000008,0.09816100000007001,0.21361899999981,0.5338959999998301,0.18528899999968002,22.463050999999943,0.8117820000002399,0.7238320000002499,1.1862359999997998,0.8529590000001,0,0,0,0,0,0,0,0,0
syruptimeout,0,0,0,0,0,0,0,1,2,0,0,1,0,0,0,0,0,0,0,0,0
burst-timeout,0,0,0,2,3,5,2,7,7,7,8,8,0,0,0,0,0,0,0,0,0
smyth-timeout,0,0,0,0,0,0,0,0,0,0,0,0,0,0,0,0,0,0,0,0,0
nat_pred,,,,,,,,,,,,,,,,,,,,,
count,0,0,10,10,10,10,0,0,0,0,0,0,0,0,0,0,0,0,0,0,0
syrup-correct,0,0,6,10,10,10,0,0,0,0,0,0,0,0,0,0,0,0,0,0,0
burst-correct,0,0,6,10,10,10,0,0,0,0,0,0,0,0,0,0,0,0,0,0,0
smyth-correct,0,0,6,10,10,10,0,0,0,0,0,0,0,0,0,0,0,0,0,0,0
smyth-rec-correct,0,0,0,0,0,0,0,0,0,0,0,0,0,0,0,0,0,0,0,0,0
burst-sof,0,0,0,0,0,0,0,0,0,0,0,0,0,0,0,0,0,0,0,0,0
smyth-sof,0,0,0,0,0,0,0,0,0,0,0,0,0,0,0,0,0,0,0,0,0
smyth-nosol,0,0,0,0,0,0,0,0,0,0,0,0,0,0,0,0,0,0,0,0,0
syruptime,0,0,0.066,0.07849999999999999,0.031299999999999994,0.0074,0,0,0,0,0,0,0,0,0,0,0,0,0,0,0
burst-time,0,0,0.030899999999999997,0.0472,0.0458,0.04,0,0,0,0,0,0,0,0,0,0,0,0,0,0,0
smyth-time,0,0,0.028098,0.03377299999987,0.03261999999972,0.03110900000024,0,0,0,0,0,0,0,0,0,0,0,0,0,0,0
syruptimeout,0,0,0,0,0,0,0,0,0,0,0,0,0,0,0,0,0,0,0,0,0
burst-timeout,0,0,0,0,0,0,0,0,0,0,0,0,0,0,0,0,0,0,0,0,0
smyth-timeout,0,0,0,0,0,0,0,0,0,0,0,0,0,0,0,0,0,0,0,0,0
list_hd,,,,,,,,,,,,,,,,,,,,,
count,0,0,10,10,10,10,10,10,10,10,10,10,0,0,0,0,0,0,0,0,0
syrup-correct,0,0,5,10,10,10,10,10,10,10,10,10,0,0,0,0,0,0,0,0,0
burst-correct,0,0,7,10,10,10,10,10,10,10,10,10,0,0,0,0,0,0,0,0,0
smyth-correct,0,0,7,10,10,10,10,10,10,10,10,10,0,0,0,0,0,0,0,0,0
smyth-rec-correct,0,0,0,0,0,0,0,0,0,0,0,0,0,0,0,0,0,0,0,0,0
burst-sof,0,0,0,0,0,0,0,0,0,0,0,0,0,0,0,0,0,0,0,0,0
smyth-sof,0,0,0,0,0,0,0,0,0,0,0,0,0,0,0,0,0,0,0,0,0
smyth-nosol,0,0,0,0,0,0,0,0,0,0,0,0,0,0,0,0,0,0,0,0,0
syruptime,0,0,0.06010000000000001,0.0817,0.10850000000000001,0.12919999999999998,0.14539999999999997,0.5484,0.2438,1.1544999999999999,0.671,0.9217,0,0,0,0,0,0,0,0,0
burst-time,0,0,0.09870000000000002,0.0963,0.12460000000000002,0.1287,0.1026,0.16829999999999998,0.1136,0.11030000000000002,0.1467,0.12279999999999999,0,0,0,0,0,0,0,0,0
smyth-time,0,0,0.02792099999963,0.030222999999980002,0.03006400000004,0.030859999999849997,0.028060999999979998,0.02858299999979,0.02973700000031,0.02975299999981,0.0296169999999,0.03095900000016,0,0,0,0,0,0,0,0,0
syruptimeout,0,0,0,0,0,0,0,0,0,0,0,0,0,0,0,0,0,0,0,0,0
burst-timeout,0,0,0,0,0,0,0,0,0,0,0,0,0,0,0,0,0,0,0,0,0
smyth-timeout,0,0,0,0,0,0,0,0,0,0,0,0,0,0,0,0,0,0,0,0,0
list_tl,,,,,,,,,,,,,,,,,,,,,
count,0,0,10,10,10,10,10,10,10,10,10,10,0,0,0,0,0,0,0,0,0
syrup-correct,0,0,6,10,9,10,10,10,10,10,10,10,0,0,0,0,0,0,0,0,0
burst-correct,0,0,6,10,9,10,10,10,10,10,10,10,0,0,0,0,0,0,0,0,0
smyth-correct,0,0,6,10,9,10,10,10,10,10,10,10,0,0,0,0,0,0,0,0,0
smyth-rec-correct,0,0,0,0,0,0,0,0,0,0,0,0,0,0,0,0,0,0,0,0,0
burst-sof,0,0,0,0,0,0,0,0,0,0,0,0,0,0,0,0,0,0,0,0,0
smyth-sof,0,0,0,0,0,0,0,0,0,0,0,0,0,0,0,0,0,0,0,0,0
smyth-nosol,0,0,0,0,0,0,0,0,0,0,0,0,0,0,0,0,0,0,0,0,0
syruptime,0,0,0.014100000000000001,0.0201,0.0271,0.035699999999999996,0.0595,0.17880000000000001,0.1295,0.48200000000000004,1.0268,2.6468,0,0,0,0,0,0,0,0,0
burst-time,0,0,0.4765,0.4172,0.2577,0.24230000000000002,0.3369,0.3177999999999999,0.2746,0.18760000000000002,0.155,0.21810000000000002,0,0,0,0,0,0,0,0,0
smyth-time,0,0,0.029435000000149997,0.028474000000190004,0.02870800000027,0.028231000000459996,0.027957000000009998,0.02721100000007,0.026279999999790003,0.027869999999880005,0.026769999999709995,0.027479999999739997,0,0,0,0,0,0,0,0,0
syruptimeout,0,0,0,0,0,0,0,0,0,0,0,0,0,0,0,0,0,0,0,0,0
burst-timeout,0,0,0,0,0,0,0,0,0,0,0,0,0,0,0,0,0,0,0,0,0
smyth-timeout,0,0,0,0,0,0,0,0,0,0,0,0,0,0,0,0,0,0,0,0,0
list_last,,,,,,,,,,,,,,,,,,,,,
count,0,0,10,10,10,10,10,10,10,10,10,10,0,0,0,0,0,0,0,0,0
syrup-correct,0,0,0,1,5,4,5,9,9,9,10,8,0,0,0,0,0,0,0,0,0
burst-correct,0,0,0,2,9,9,9,10,10,10,10,10,0,0,0,0,0,0,0,0,0
smyth-correct,0,0,0,0,2,4,7,9,9,9,10,10,0,0,0,0,0,0,0,0,0
smyth-rec-correct,0,0,0,1,7,8,8,10,9,10,10,10,0,0,0,0,0,0,0,0,0
burst-sof,0,0,0,0,0,0,0,0,0,0,0,0,0,0,0,0,0,0,0,0,0
smyth-sof,0,0,0,0,0,0,0,0,0,0,0,0,0,0,0,0,0,0,0,0,0
smyth-nosol,0,0,0,1,2,1,1,0,0,0,0,0,0,0,0,0,0,0,0,0,0
syruptime,0,0,0.0040999999999999995,0.0348,0.18880000000000002,0.311,2.3990000000000005,6.2204999999999995,12.565,33.2552,118.55290000000001,214.7797,0,0,0,0,0,0,0,0,0
burst-time,0,0,0.20579999999999998,2.5644,14.082299999999998,2.3654,27.290800000000008,1.7368000000000001,5.174200000000002,4.4221,17.4783,1.5709,0,0,0,0,0,0,0,0,0
smyth-time,0,0,0.02742899999975,0.0822260000002,0.058349999999800006,0.06778000000011,0.06290699999982001,0.07079699999986999,0.15858099999991998,0.07753600000000999,0.07599700000036,0.07586500000002,0,0,0,0,0,0,0,0,0
syruptimeout,0,0,0,0,0,0,0,0,0,0,0,2,0,0,0,0,0,0,0,0,0
burst-timeout,0,0,0,0,0,0,0,0,0,0,0,0,0,0,0,0,0,0,0,0,0
smyth-timeout,0,0,0,0,0,0,0,0,0,0,0,0,0,0,0,0,0,0,0,0,0
list_take,,,,,,,,,,,,,,,,,,,,,
count,0,0,10,10,10,10,10,10,10,10,10,10,0,0,0,0,0,0,0,0,0
syrup-correct,0,0,0,0,0,1,3,3,5,0,0,0,0,0,0,0,0,0,0,0,0
burst-correct,0,0,0,0,0,0,0,0,0,0,0,0,0,0,0,0,0,0,0,0,0
smyth-correct,0,0,0,0,1,2,4,3,8,5,8,8,0,0,0,0,0,0,0,0,0
smyth-rec-correct,0,0,0,0,2,2,6,6,8,5,10,9,0,0,0,0,0,0,0,0,0
burst-sof,0,0,0,0,0,0,0,2,0,0,1,3,0,0,0,0,0,0,0,0,0
smyth-sof,0,0,0,0,0,0,0,0,0,0,0,0,0,0,0,0,0,0,0,0,0
smyth-nosol,0,0,0,0,0,0,1,0,0,0,0,0,0,0,0,0,0,0,0,0,0
syruptime,0,0,0.0603,2.1815000000000007,5.955800000000001,7.0840999999999985,105.96150000000002,319.1073,410.4264,48.7389,35.8847,0,0,0,0,0,0,0,0,0,0
burst-time,0,0,54.008500000000005,227.7433,0.2712,20.212,18.868299999999998,0,62.6579,0,0,0,0,0,0,0,0,0,0,0,0
smyth-time,0,0,0.048113999999720006,0.08478699999955999,0.19501300000011,0.13479699999992,9.98306600000005,22.329129,0.59711400000015,0.37266500000004,0.6587180000003,0.5804489999999001,0,0,0,0,0,0,0,0,0
syruptimeout,0,0,0,0,0,0,2,3,3,7,8,10,0,0,0,0,0,0,0,0,0
burst-timeout,0,0,2,4,8,5,8,8,8,10,9,7,0,0,0,0,0,0,0,0,0
smyth-timeout,0,0,0,0,0,0,0,1,0,2,0,1,0,0,0,0,0,0,0,0,0
list_drop,,,,,,,,,,,,,,,,,,,,,
count,0,0,10,10,10,10,10,10,10,10,10,10,0,0,0,0,0,0,0,0,0
syrup-correct,0,0,0,0,2,3,2,6,6,3,0,0,0,0,0,0,0,0,0,0,0
burst-correct,0,0,0,0,0,0,0,0,0,0,0,0,0,0,0,0,0,0,0,0,0
smyth-correct,0,0,0,0,2,2,1,6,9,8,6,10,0,0,0,0,0,0,0,0,0
smyth-rec-correct,0,0,0,0,3,3,3,6,9,9,6,10,0,0,0,0,0,0,0,0,0
burst-sof,0,0,0,0,0,0,0,0,0,0,0,0,0,0,0,0,0,0,0,0,0
smyth-sof,0,0,0,0,0,0,0,0,0,0,0,0,0,0,0,0,0,0,0,0,0
smyth-nosol,0,0,0,0,1,1,1,1,0,0,1,0,0,0,0,0,0,0,0,0,0
syruptime,0,0,0.028599999999999997,1.8395000000000001,8.735700000000001,47.446999999999996,82.56949999999999,306.82980000000003,125.748,187.8351,0.976,0,0,0,0,0,0,0,0,0,0
burst-time,0,0,0.4295,8.4536,94.07000000000001,3.7411999999999996,44.3326,119.5207,35.1272,1.5192999999999999,0.6757,0,0,0,0,0,0,0,0,0,0
smyth-time,0,0,0.05258099999992,0.27546200000008,0.3886459999999999,0.5308020000001,0.5072239999999,5.4303620000003,0.5950940000001,0.7795939999999001,0.52234100000004,0.7706459999999001,0,0,0,0,0,0,0,0,0
syruptimeout,0,0,0,0,0,0,0,2,4,5,8,10,0,0,0,0,0,0,0,0,0
burst-timeout,0,0,0,2,4,4,2,8,9,8,8,10,0,0,0,0,0,0,0,0,0
smyth-timeout,0,0,0,0,0,0,0,0,1,0,1,0,0,0,0,0,0,0,0,0,0
list_nth,,,,,,,,,,,,,,,,,,,,,
count,0,0,10,10,10,10,10,10,10,10,10,10,0,0,0,0,0,0,0,0,0
syrup-correct,0,0,0,0,0,5,4,2,2,2,2,0,0,0,0,0,0,0,0,0,0
burst-correct,0,0,0,0,0,0,0,0,1,0,0,0,0,0,0,0,0,0,0,0,0
smyth-correct,0,0,0,0,0,3,4,3,7,6,9,8,0,0,0,0,0,0,0,0,0
smyth-rec-correct,0,0,0,0,1,3,4,4,7,6,9,8,0,0,0,0,0,0,0,0,0
burst-sof,0,0,0,0,0,0,0,0,0,0,0,0,0,0,0,0,0,0,0,0,0
smyth-sof,0,0,0,0,0,0,0,0,0,0,0,0,0,0,0,0,0,0,0,0,0
smyth-nosol,0,0,0,0,0,0,0,0,0,0,0,0,0,0,0,0,0,0,0,0,0
syruptime,0,0,0.13699999999999998,0.3971,2.0296000000000003,16.2404,36.0713,78.82459999999999,57.3935,67.87190000000001,11.9938,45.2239,0,0,0,0,0,0,0,0,0
burst-time,0,0,4.481899999999999,8.967199999999998,50.4134,25.1436,111.02550000000001,66.07140000000001,111.37490000000001,0.8528,11.1351,0.1573,0,0,0,0,0,0,0,0,0
smyth-time,0,0,0.10099400000037,2.13523600000021,6.64513299999995,0.26731000000021,1.02292599999974,32.043820000000004,29.251641999999997,0.49743900000026,0.7777879999999999,0.62707700000013,0,0,0,0,0,0,0,0,0
syruptimeout,0,0,0,0,0,0,1,3,6,5,8,8,0,0,0,0,0,0,0,0,0
burst-timeout,0,0,0,1,2,7,4,4,7,7,8,8,0,0,0,0,0,0,0,0,0
smyth-timeout,0,0,0,0,0,1,1,0,0,0,0,0,0,0,0,0,0,0,0,0,0
list_sum,,,,,,,,,,,,,,,,,,,,,
count,0,0,10,10,10,10,10,10,10,10,10,10,0,0,0,0,0,0,0,0,0
syrup-correct,0,0,1,5,10,10,10,10,9,8,6,6,0,0,0,0,0,0,0,0,0
burst-correct,0,0,10,10,10,10,10,10,10,10,10,10,0,0,0,0,0,0,0,0,0
smyth-correct,0,0,10,10,10,10,10,10,10,10,10,10,0,0,0,0,0,0,0,0,0
smyth-rec-correct,0,0,0,0,0,0,0,0,0,0,0,0,0,0,0,0,0,0,0,0,0
burst-sof,0,0,0,0,0,0,0,0,0,0,0,0,0,0,0,0,0,0,0,0,0
smyth-sof,0,0,0,0,0,0,0,0,0,0,0,0,0,0,0,0,0,0,0,0,0
smyth-nosol,0,0,0,0,0,0,0,0,0,0,0,0,0,0,0,0,0,0,0,0,0
syruptime,0,0,0.22280000000000003,0.5901,0.9997,1.3104,5.4861,136.09109999999998,119.48319999999998,202.3436,63.3474,198.04409999999996,0,0,0,0,0,0,0,0,0
burst-time,0,0,22.977,82.6092,52.769800000000004,12.3423,55.72269999999999,15.834200000000001,33.65599999999999,10.719800000000001,9.8021,49.9914,0,0,0,0,0,0,0,0,0
smyth-time,0,0,0.5172989999998,0.5535039999998999,0.310825,0.3175649999996,0.3298420000002,0.5329669999996,0.5256439999999,0.4663699999995,0.5005290000002,0.5759000000001,0,0,0,0,0,0,0,0,0
syruptimeout,0,0,0,0,0,0,0,0,1,2,4,4,0,0,0,0,0,0,0,0,0
burst-timeout,0,0,0,0,0,0,0,0,0,0,0,0,0,0,0,0,0,0,0,0,0
smyth-timeout,0,0,0,0,0,0,0,0,0,0,0,0,0,0,0,0,0,0,0,0,0
list_length,,,,,,,,,,,,,,,,,,,,,
count,0,0,10,10,10,10,10,0,0,0,0,0,0,0,0,0,0,0,0,0,0
syrup-correct,0,0,6,10,10,10,10,0,0,0,0,0,0,0,0,0,0,0,0,0,0
burst-correct,0,0,1,8,6,9,10,0,0,0,0,0,0,0,0,0,0,0,0,0,0
smyth-correct,0,0,0,9,7,10,10,0,0,0,0,0,0,0,0,0,0,0,0,0,0
smyth-rec-correct,0,0,10,10,10,10,10,0,0,0,0,0,0,0,0,0,0,0,0,0,0
burst-sof,0,0,0,0,0,0,0,0,0,0,0,0,0,0,0,0,0,0,0,0,0
smyth-sof,0,0,0,0,0,0,0,0,0,0,0,0,0,0,0,0,0,0,0,0,0
smyth-nosol,0,0,0,0,0,0,0,0,0,0,0,0,0,0,0,0,0,0,0,0,0
syruptime,0,0,0.10319999999999999,0.1632,0.1708,0.2311,0.2649,0,0,0,0,0,0,0,0,0,0,0,0,0,0
burst-time,0,0,1.1149,54.44069999999999,8.2284,8.3105,1.8998000000000004,0,0,0,0,0,0,0,0,0,0,0,0,0,0
smyth-time,0,0,0.0723019999998,0.06564000000003,0.0433109999999,0.03442500000006,0.03559799999971,0,0,0,0,0,0,0,0,0,0,0,0,0,0
syruptimeout,0,0,0,0,0,0,0,0,0,0,0,0,0,0,0,0,0,0,0,0,0
burst-timeout,0,0,0,1,1,1,0,0,0,0,0,0,0,0,0,0,0,0,0,0,0
smyth-timeout,0,0,0,0,0,0,0,0,0,0,0,0,0,0,0,0,0,0,0,0,0
list_even_parity,,,,,,,,,,,,,,,,,,,,,
count,0,0,10,10,10,10,10,10,10,10,10,10,0,0,0,0,0,0,0,0,0
syrup-correct,0,0,0,0,0,5,7,7,10,10,10,10,0,0,0,0,0,0,0,0,0
burst-correct,0,0,0,0,0,1,7,3,9,7,10,10,0,0,0,0,0,0,0,0,0
smyth-correct,0,0,0,0,0,2,3,2,6,4,9,9,0,0,0,0,0,0,0,0,0
smyth-rec-correct,0,0,0,0,0,2,4,2,7,4,9,9,0,0,0,0,0,0,0,0,0
burst-sof,0,0,0,0,0,0,0,0,0,0,0,0,0,0,0,0,0,0,0,0,0
smyth-sof,0,0,0,0,0,0,0,0,0,0,0,0,0,0,0,0,0,0,0,0,0
smyth-nosol,0,0,0,1,0,0,0,0,0,0,0,0,0,0,0,0,0,0,0,0,0
syruptime,0,0,0.056400000000000006,0.1264,0.18139999999999998,21.862999999999996,8.5341,12.263799999999998,76.46589999999999,4.7669,4.1282,20.3192,0,0,0,0,0,0,0,0,0
burst-time,0,0,0.053,0.3388999999999999,1.3224,8.2887,5.6564,2.6007999999999996,5.4779,1.6915,2.3061,3.5943,0,0,0,0,0,0,0,0,0
smyth-time,0,0,0.02457100000013,0.032160999999859996,0.07726400000004001,0.26606300000007005,0.35173599999975,0.36508700000004995,3.2514480000000994,6.1288369999998,10.610357,80.23074899999999,0,0,0,0,0,0,0,0,0
syruptimeout,0,0,0,0,0,0,0,0,0,0,0,0,0,0,0,0,0,0,0,0,0
burst-timeout,0,0,0,0,0,0,0,0,0,0,0,0,0,0,0,0,0,0,0,0,0
smyth-timeout,0,0,0,0,0,0,0,0,0,0,0,0,0,0,0,0,0,0,0,0,0
list_inc,,,,,,,,,,,,,,,,,,,,,
count,0,0,10,10,10,10,10,10,10,10,10,10,0,0,0,0,0,0,0,0,0
syrup-correct,0,0,10,10,10,10,10,10,10,10,10,10,0,0,0,0,0,0,0,0,0
burst-correct,0,0,9,9,10,10,10,10,10,10,10,10,0,0,0,0,0,0,0,0,0
smyth-correct,0,0,10,10,10,10,10,10,10,10,10,10,0,0,0,0,0,0,0,0,0
smyth-rec-correct,0,0,0,0,0,0,0,0,0,0,0,0,0,0,0,0,0,0,0,0,0
burst-sof,0,0,0,0,0,0,0,0,0,0,0,0,0,0,0,0,0,0,0,0,0
smyth-sof,0,0,0,0,0,0,0,0,0,0,0,0,0,0,0,0,0,0,0,0,0
smyth-nosol,0,0,0,0,0,0,0,0,0,0,0,0,0,0,0,0,0,0,0,0,0
syruptime,0,0,0.21409999999999996,0.22650000000000003,0.2126,0.30379999999999996,0.3698,1.1848999999999998,0.8646000000000001,3.8867000000000007,8.0203,25.6691,0,0,0,0,0,0,0,0,0
burst-time,0,0,0.8616,1.4506,1.0937,1.2467000000000001,0.9195,0.7745000000000001,0.6024,0.5629000000000001,1.1642,1.0515,0,0,0,0,0,0,0,0,0
smyth-time,0,0,0.2551220000004,0.278195,0.2533769999998,0.2641349999996,0.23356999999980002,0.168208,0.18753700000009998,0.2580669999997,0.2855440000001,0.279806,0,0,0,0,0,0,0,0,0
syruptimeout,0,0,0,0,0,0,0,0,0,0,0,0,0,0,0,0,0,0,0,0,0
burst-timeout,0,0,0,0,0,0,0,0,0,0,0,0,0,0,0,0,0,0,0,0,0
smyth-timeout,0,0,0,0,0,0,0,0,0,0,0,0,0,0,0,0,0,0,0,0,0
list_stutter,,,,,,,,,,,,,,,,,,,,,
count,0,0,10,10,10,10,10,10,10,10,10,10,0,0,0,0,0,0,0,0,0
syrup-correct,0,0,5,9,10,10,10,10,10,10,9,8,0,0,0,0,0,0,0,0,0
burst-correct,0,0,4,5,1,3,1,4,3,1,1,3,0,0,0,0,0,0,0,0,0
smyth-correct,0,0,5,9,10,10,10,10,10,10,10,10,0,0,0,0,0,0,0,0,0
smyth-rec-correct,0,0,9,10,10,10,10,10,10,10,10,10,0,0,0,0,0,0,0,0,0
burst-sof,0,0,0,0,0,0,0,0,0,0,0,0,0,0,0,0,0,0,0,0,0
smyth-sof,0,0,0,0,0,0,0,0,0,0,0,0,0,0,0,0,0,0,0,0,0
smyth-nosol,0,0,0,0,0,0,0,0,0,0,0,0,0,0,0,0,0,0,0,0,0
syruptime,0,0,0.1273,0.3797,0.8815,0.8513,1.2523,2.7252000000000005,9.8459,22.694,71.96449999999999,51.243900000000004,0,0,0,0,0,0,0,0,0
burst-time,0,0,87.46810000000002,252.0149,9.296,165.3793,69.117,186.13459999999998,190.63479999999998,78.9047,29.5831,65.7437,0,0,0,0,0,0,0,0,0
smyth-time,0,0,0.09643500000020001,0.05099499999981999,0.052061000000320004,0.04831800000012,0.05520799999998,0.05115200000021,0.053704999999799996,0.05417800000031,0.07345599999983002,0.05657599999994999,0,0,0,0,0,0,0,0,0
syruptimeout,0,0,0,0,0,0,0,0,0,0,1,2,0,0,0,0,0,0,0,0,0
burst-timeout,0,0,2,4,9,7,9,6,7,9,9,7,0,0,0,0,0,0,0,0,0
smyth-timeout,0,0,0,0,0,0,0,0,0,0,0,0,0,0,0,0,0,0,0,0,0
list_snoc,,,,,,,,,,,,,,,,,,,,,
count,0,0,10,10,10,10,10,10,10,10,10,10,0,0,0,0,0,0,0,0,0
syrup-correct,0,0,10,10,10,10,10,10,9,4,5,3,0,0,0,0,0,0,0,0,0
burst-correct,0,0,3,4,4,4,1,2,3,1,1,3,0,0,0,0,0,0,0,0,0
smyth-correct,0,0,0,7,8,10,10,10,10,10,10,10,0,0,0,0,0,0,0,0,0
smyth-rec-correct,0,0,0,9,10,10,10,10,10,10,10,10,0,0,0,0,0,0,0,0,0
burst-sof,0,0,0,0,0,0,0,0,0,0,0,0,0,0,0,0,0,0,0,0,0
smyth-sof,0,0,0,0,0,0,0,0,0,0,0,0,0,0,0,0,0,0,0,0,0
smyth-nosol,0,0,0,0,0,0,0,0,0,0,0,0,0,0,0,0,0,0,0,0,0
syruptime,0,0,0.0924,0.17559999999999998,0.3299,1.468,12.0877,30.637599999999996,204.4794,124.4433,183.0973,133.3585,0,0,0,0,0,0,0,0,0
burst-time,0,0,8.2731,7.949999999999999,10.289000000000001,18.5635,2.1745,1.4738000000000002,47.49980000000001,2.791,3.5357,16.874,0,0,0,0,0,0,0,0,0
smyth-time,0,0,0.26201099999981003,0.2337460000001,0.24471099999970003,0.2078239999999,0.3136829999998,0.2229200000002,0.53682,0.4893880000002001,0.43520900000010004,0.5737720000002,0,0,0,0,0,0,0,0,0
syruptimeout,0,0,0,0,0,0,0,0,1,6,5,7,0,0,0,0,0,0,0,0,0
burst-timeout,0,0,5,6,6,6,9,8,7,9,9,7,0,0,0,0,0,0,0,0,0
smyth-timeout,0,0,0,0,0,0,0,0,0,0,0,0,0,0,0,0,0,0,0,0,0
list_append,,,,,,,,,,,,,,,,,,,,,
count,0,0,10,10,10,10,10,10,10,10,10,10,0,0,0,0,0,0,0,0,0
syrup-correct,0,0,10,10,10,10,10,8,3,0,0,0,0,0,0,0,0,0,0,0,0
burst-correct,0,0,0,1,1,0,0,0,0,0,0,0,0,0,0,0,0,0,0,0,0
smyth-correct,0,0,3,8,9,9,10,10,10,10,10,10,0,0,0,0,0,0,0,0,0
smyth-rec-correct,0,0,6,10,10,10,10,10,10,10,10,10,0,0,0,0,0,0,0,0,0
burst-sof,0,0,0,0,0,0,0,0,0,0,0,0,0,0,0,0,0,0,0,0,0
smyth-sof,0,0,0,0,0,0,0,0,0,0,0,0,0,0,0,0,0,0,0,0,0
smyth-nosol,0,0,0,0,0,0,0,0,0,0,0,0,0,0,0,0,0,0,0,0,0
syruptime,0,0,0.2501,0.47630000000000006,2.2471999999999994,10.6482,37.679199999999994,352.8211,103.2747,0,0,0,0,0,0,0,0,0,0,0,0
burst-time,0,0,2.2561999999999998,13.992999999999999,81.5115,0.0519,0,0,0,0,0,0,0,0,0,0,0,0,0,0,0
smyth-time,0,0,0.489312,0.2281329999999,0.4449019999993,0.24496799999996,0.25779300000044003,0.37942600000000004,0.31841199999969994,0.3608529999998001,0.37253800000029996,0.3363319999997999,0,0,0,0,0,0,0,0,0
syruptimeout,0,0,0,0,0,0,0,2,7,10,10,10,0,0,0,0,0,0,0,0,0
burst-timeout,0,0,7,6,8,9,10,10,10,10,10,10,0,0,0,0,0,0,0,0,0
smyth-timeout,0,0,0,0,0,0,0,0,0,0,0,0,0,0,0,0,0,0,0,0,0
list_compress,,,,,,,,,,,,,,,,,,,,,
count,0,0,10,10,10,10,10,10,10,10,10,10,0,0,0,0,0,0,0,0,0
syrup-correct,0,0,0,0,1,0,2,0,0,0,0,0,0,0,0,0,0,0,0,0,0
burst-correct,0,0,0,0,0,0,0,0,0,0,0,0,0,0,0,0,0,0,0,0,0
smyth-correct,0,0,0,0,0,0,0,0,0,0,0,0,0,0,0,0,0,0,0,0,0
smyth-rec-correct,0,0,0,0,0,0,0,0,0,0,0,0,0,0,0,0,0,0,0,0,0
burst-sof,0,0,0,0,0,0,0,0,0,0,0,0,0,0,0,0,0,0,0,0,0
smyth-sof,0,0,0,0,0,0,0,1,1,0,0,0,0,0,0,0,0,0,0,0,0
smyth-nosol,0,0,0,0,1,2,4,0,1,0,0,0,0,0,0,0,0,0,0,0,0
syruptime,0,0,0.0319,0.3605,32.436499999999995,147.72969999999998,210.56210000000002,29.3988,128.9422,45.4798,0.2199,0,0,0,0,0,0,0,0,0,0
burst-time,0,0,0.4448000000000001,21.035500000000003,98.6106,10.554799999999998,0.8224,14.7125,5.0501000000000005,6.6605,11.0057,5.452,0,0,0,0,0,0,0,0,0
smyth-time,0,0,0.09960000000045,0.8414409999996401,0.24978099999985,10.532530999999988,2.32057800000013,4.301713000000079,10.042698999999999,15.162211,9.61905499999999,48.936287,0,0,0,0,0,0,0,0,0
syruptimeout,0,0,0,0,0,0,1,5,7,9,9,10,0,0,0,0,0,0,0,0,0
burst-timeout,0,0,0,0,1,3,5,5,8,7,7,8,0,0,0,0,0,0,0,0,0
smyth-timeout,0,0,0,0,1,0,0,1,2,5,6,7,0,0,0,0,0,0,0,0,0
list_concat,,,,,,,,,,,,,,,,,,,,,
count,0,0,10,10,10,10,10,10,10,10,10,10,0,0,0,0,0,0,0,0,0
syrup-correct,0,0,4,7,9,8,10,10,8,9,10,10,0,0,0,0,0,0,0,0,0
burst-correct,0,0,3,2,5,4,6,6,8,9,7,9,0,0,0,0,0,0,0,0,0
smyth-correct,0,0,3,6,9,8,10,10,10,10,10,10,0,0,0,0,0,0,0,0,0
smyth-rec-correct,0,0,7,10,10,10,10,10,10,10,10,10,0,0,0,0,0,0,0,0,0
burst-sof,0,0,0,0,0,0,0,0,0,0,0,0,0,0,0,0,0,0,0,0,0
smyth-sof,0,0,0,0,0,0,0,0,0,0,0,0,0,0,0,0,0,0,0,0,0
smyth-nosol,0,0,0,0,0,0,0,0,0,0,0,0,0,0,0,0,0,0,0,0,0
syruptime,0,0,1.4923999999999997,0.5280999999999999,52.749500000000005,11.867400000000002,0.8518,67.16900000000001,3.4707,7.7363,31.755700000000004,2.4225000000000003,0,0,0,0,0,0,0,0,0
burst-time,0,0,28.221499999999995,15.1133,30.401199999999996,22.6527,55.167899999999996,46.3406,17.2116,18.963799999999996,34.8394,7.600600000000001,0,0,0,0,0,0,0,0,0
smyth-time,0,0,0.16760099999975997,0.17496099999990003,0.1732749999999,0.09439199999973999,0.09446299999965001,0.09653100000013001,0.10191299999977999,0.10524199999983,0.09899000000042,0.10013599999994,0,0,0,0,0,0,0,0,0
syruptimeout,0,0,1,0,0,0,0,0,2,1,0,0,0,0,0,0,0,0,0,0,0
burst-timeout,0,0,0,0,0,4,2,2,2,1,1,1,0,0,0,0,0,0,0,0,0
smyth-timeout,0,0,0,0,0,0,0,0,0,0,0,0,0,0,0,0,0,0,0,0,0
list_rev_append,,,,,,,,,,,,,,,,,,,,,
count,0,0,10,10,10,10,10,10,10,10,10,10,0,0,0,0,0,0,0,0,0
syrup-correct,0,0,0,0,0,0,0,1,0,0,0,0,0,0,0,0,0,0,0,0,0
burst-correct,0,0,0,1,0,0,3,4,1,2,2,3,0,0,0,0,0,0,0,0,0
smyth-correct,0,0,0,3,4,6,6,9,7,7,10,8,0,0,0,0,0,0,0,0,0
smyth-rec-correct,0,0,0,3,4,6,6,9,7,7,10,8,0,0,0,0,0,0,0,0,0
burst-sof,0,0,0,0,0,0,0,0,0,0,0,0,0,0,0,0,0,0,0,0,0
smyth-sof,0,0,0,0,0,0,0,0,0,0,0,0,0,0,0,0,0,0,0,0,0
smyth-nosol,0,0,0,0,0,0,0,0,0,0,0,0,0,0,0,0,0,0,0,0,0
syruptime,0,0,0.5376,0.2999,0.2831,0.36240000000000006,9.3035,0.2526,0.7108,0.5536,0,0.2056,0,0,0,0,0,0,0,0,0
burst-time,0,0,1.5556999999999999,15.424900000000001,46.8392,42.2476,96.69269999999999,232.7057,122.0746,179.28400000000002,121.4846,130.3971,0,0,0,0,0,0,0,0,0
smyth-time,0,0,0.21812500000006999,20.98278699999993,18.8481559999998,31.8429249999999,18.9112,13.659254,37.583678,3.0789050000000007,2.74295,2.919461,0,0,0,0,0,0,0,0,0
syruptimeout,0,0,2,3,5,6,6,9,8,7,10,8,0,0,0,0,0,0,0,0,0
burst-timeout,0,0,2,2,3,6,3,4,6,5,8,5,0,0,0,0,0,0,0,0,0
smyth-timeout,0,0,0,0,0,0,0,0,0,0,0,0,0,0,0,0,0,0,0,0,0
list_rev_fold,,,,,,,,,,,,,,,,,,,,,
count,0,0,10,10,10,10,10,10,10,10,10,10,0,0,0,0,0,0,0,0,0
syrup-correct,0,0,5,8,9,9,10,10,10,10,10,10,0,0,0,0,0,0,0,0,0
burst-correct,0,0,5,8,9,9,10,10,10,10,9,10,0,0,0,0,0,0,0,0,0
smyth-correct,0,0,5,8,9,9,10,10,10,10,10,10,0,0,0,0,0,0,0,0,0
smyth-rec-correct,0,0,0,0,0,0,0,0,0,0,0,0,0,0,0,0,0,0,0,0,0
burst-sof,0,0,0,0,0,0,0,0,0,0,0,0,0,0,0,0,0,0,0,0,0
smyth-sof,0,0,0,0,0,0,0,0,0,0,0,0,0,0,0,0,0,0,0,0,0
smyth-nosol,0,0,0,0,0,0,0,0,0,0,0,0,0,0,0,0,0,0,0,0,0
syruptime,0,0,0.0292,0.049199999999999994,0.0872,0.1186,0.191,0.1522,0.6438999999999999,0.49250000000000005,4.194,2.7439000000000004,0,0,0,0,0,0,0,0,0
burst-time,0,0,2.508,7.2992,54.487700000000004,36.294999999999995,7.1028,9.5354,7.9022,35.3031,39.466100000000004,4.9232,0,0,0,0,0,0,0,0,0
smyth-time,0,0,0.3019680000001,0.31394800000010004,0.33745,0.34598300000039994,0.3548789999999,0.36335700000050003,0.4042819999998,0.399146,0.4196469999994,0.4401150000004,0,0,0,0,0,0,0,0,0
syruptimeout,0,0,0,0,0,0,0,0,0,0,0,0,0,0,0,0,0,0,0,0,0
burst-timeout,0,0,0,0,0,0,0,0,0,0,1,0,0,0,0,0,0,0,0,0,0
smyth-timeout,0,0,0,0,0,0,0,0,0,0,0,0,0,0,0,0,0,0,0,0,0
list_rev_snoc,,,,,,,,,,,,,,,,,,,,,
count,0,0,10,10,10,10,10,10,10,10,10,10,0,0,0,0,0,0,0,0,0
syrup-correct,0,0,3,3,7,6,5,6,10,10,10,9,0,0,0,0,0,0,0,0,0
burst-correct,0,0,3,3,6,3,3,2,6,3,5,5,0,0,0,0,0,0,0,0,0
smyth-correct,0,0,3,3,7,6,5,6,10,10,10,9,0,0,0,0,0,0,0,0,0
smyth-rec-correct,0,0,6,9,10,9,10,10,10,10,10,10,0,0,0,0,0,0,0,0,0
burst-sof,0,0,0,0,0,0,0,0,0,0,0,0,0,0,0,0,0,0,0,0,0
smyth-sof,0,0,0,0,0,0,0,0,0,0,0,0,0,0,0,0,0,0,0,0,0
smyth-nosol,0,0,0,0,0,0,0,0,0,0,0,0,0,0,0,0,0,0,0,0,0
syruptime,0,0,0.2487,0.27880000000000005,0.5893,1.2254999999999998,2.0185999999999997,5.6395,61.375899999999994,16.793799999999997,142.0895,179.04720000000003,0,0,0,0,0,0,0,0,0
burst-time,0,0,9.0419,94.2844,35.2664,96.25450000000002,20.0309,1.8977,66.6275,151.6878,101.4879,24.322499999999998,0,0,0,0,0,0,0,0,0
smyth-time,0,0,0.13842199999965,0.09133800000011999,0.11540699999965,0.10460099999999001,0.11356800000049999,0.1132390000005,0.2126510000003,0.32174699999990003,0.32669600000029997,0.3490249999998,0,0,0,0,0,0,0,0,0
syruptimeout,0,0,0,0,0,0,0,0,0,0,0,0,0,0,0,0,0,0,0,0,0
burst-timeout,0,0,0,0,1,3,2,4,4,7,5,4,0,0,0,0,0,0,0,0,0
smyth-timeout,0,0,0,0,0,0,0,0,0,0,0,0,0,0,0,0,0,0,0,0,0
list_rev_tailcall,,,,,,,,,,,,,,,,,,,,,
count,0,0,10,10,10,10,10,10,10,10,10,10,0,0,0,0,0,0,0,0,0
syrup-correct,0,0,0,0,0,0,0,0,0,0,0,0,0,0,0,0,0,0,0,0,0
burst-correct,0,0,0,0,0,0,0,0,0,0,0,0,0,0,0,0,0,0,0,0,0
smyth-correct,0,0,0,8,10,9,10,10,10,10,9,10,0,0,0,0,0,0,0,0,0
smyth-rec-correct,0,0,1,8,10,9,10,10,10,10,9,10,0,0,0,0,0,0,0,0,0
burst-sof,0,0,0,0,0,0,0,0,0,0,0,0,0,0,0,0,0,0,0,0,0
smyth-sof,0,0,0,0,0,0,0,0,0,0,0,0,0,0,0,0,0,0,0,0,0
smyth-nosol,0,0,0,0,0,0,0,0,0,0,0,0,0,0,0,0,0,0,0,0,0
syruptime,0,0,5.713099999999999,22.922100000000004,15.878199999999998,81.5878,0,0,0,0,0,0,0,0,0,0,0,0,0,0,0
burst-time,0,0,41.24889999999999,2.0632,0,0,0,0,0,0,0,0,0,0,0,0,0,0,0,0,0
smyth-time,0,0,0.2828189999996,0.23853500000009997,0.2317550000002,0.18900800000020002,0.11388899999995998,0.10202400000003,0.08820500000007,0.08591000000023,0.08696200000005,0.09088100000008,0,0,0,0,0,0,0,0,0
syruptimeout,0,0,0,1,4,7,10,10,10,10,10,10,0,0,0,0,0,0,0,0,0
burst-timeout,0,0,4,9,10,10,10,10,10,10,10,10,0,0,0,0,0,0,0,0,0
smyth-timeout,0,0,0,0,0,0,0,0,0,0,0,0,0,0,0,0,0,0,0,0,0
list_pairwise_swap,,,,,,,,,,,,,,,,,,,,,
count,0,0,10,10,10,10,10,10,10,10,10,10,0,0,0,0,0,0,0,0,0
syrup-correct,0,0,0,0,0,0,0,0,0,0,0,0,0,0,0,0,0,0,0,0,0
burst-correct,0,0,0,0,0,0,0,0,0,0,0,0,0,0,0,0,0,0,0,0,0
smyth-correct,0,0,0,0,0,0,0,0,0,0,0,0,0,0,0,0,0,0,0,0,0
smyth-rec-correct,0,0,0,0,0,0,0,0,0,0,0,0,0,0,0,0,0,0,0,0,0
burst-sof,0,0,0,0,0,0,0,0,0,0,0,0,0,0,0,0,0,0,0,0,0
smyth-sof,0,0,0,0,0,0,0,0,0,0,0,0,0,0,0,0,0,0,0,0,0
smyth-nosol,0,0,0,0,4,1,1,0,0,0,0,0,0,0,0,0,0,0,0,0,0
syruptime,0,0,0.0082,2.2249000000000003,11.620600000000001,43.0667,137.10909999999998,64.6785,471.5416,234.40449999999998,102.97819999999999,200.44349999999997,0,0,0,0,0,0,0,0,0
burst-time,0,0,0.0553,1.9787000000000001,53.4931,9.0077,47.47290000000001,12.803,10.3733,46.172,80.9752,12.8499,0,0,0,0,0,0,0,0,0
smyth-time,0,0,0.018814000000259998,1.6931539999996301,0.039187999999700004,3.12309399999983,0.17190000000024,0.20982300000007,0.4303920000000001,0.7103990000004001,1.4229289999999999,2.872688,0,0,0,0,0,0,0,0,0
syruptimeout,0,0,0,0,0,0,0,0,0,4,7,7,0,0,0,0,0,0,0,0,0
burst-timeout,0,0,0,0,0,3,0,0,4,2,1,3,0,0,0,0,0,0,0,0,0
smyth-timeout,0,0,0,0,0,0,0,0,0,0,0,0,0,0,0,0,0,0,0,0,0
list_sort_sorted_insert,,,,,,,,,,,,,,,,,,,,,
count,0,0,10,10,10,10,10,10,10,10,10,10,0,0,0,0,0,0,0,0,0
syrup-correct,0,0,1,5,6,6,8,8,8,10,10,10,0,0,0,0,0,0,0,0,0
burst-correct,0,0,2,4,2,1,2,3,3,4,6,6,0,0,0,0,0,0,0,0,0
smyth-correct,0,0,2,5,6,6,8,8,8,10,10,10,0,0,0,0,0,0,0,0,0
smyth-rec-correct,0,0,5,8,9,10,10,10,10,10,10,10,0,0,0,0,0,0,0,0,0
burst-sof,0,0,0,0,0,0,0,0,0,0,0,0,0,0,0,0,0,0,0,0,0
smyth-sof,0,0,0,0,0,0,0,0,0,0,0,0,0,0,0,0,0,0,0,0,0
smyth-nosol,0,0,0,0,0,0,0,0,0,0,0,0,0,0,0,0,0,0,0,0,0
syruptime,0,0,0.0902,0.5783,0.8922999999999999,1.3806000000000003,3.4609000000000005,4.443300000000001,3.4278,37.057399999999994,32.108399999999996,150.2182,0,0,0,0,0,0,0,0,0
burst-time,0,0,6.069800000000001,12.676000000000002,9.548200000000001,85.05000000000001,6.1739,36.9911,85.1536,19.5145,120.0066,25.7573,0,0,0,0,0,0,0,0,0
smyth-time,0,0,0.12234099999995,0.13826699999993,0.14532400000004,0.1528929999999,0.1700359999996,0.16528999999979999,0.1731459999998,0.1788470000002,0.19341299999990003,0.1912680000004,0,0,0,0,0,0,0,0,0
syruptimeout,0,0,0,0,0,0,0,0,0,0,0,0,0,0,0,0,0,0,0,0,0
burst-timeout,0,0,0,1,4,5,6,5,5,6,4,4,0,0,0,0,0,0,0,0,0
smyth-timeout,0,0,0,0,0,0,0,0,0,0,0,0,0,0,0,0,0,0,0,0,0
list_sorted_insert,,,,,,,,,,,,,,,,,,,,,
count,0,0,10,10,10,10,10,10,10,10,10,10,0,0,0,0,0,0,0,0,0
syrup-correct,0,0,0,0,0,0,0,0,0,0,0,0,0,0,0,0,0,0,0,0,0
burst-correct,0,0,0,0,0,0,0,1,0,0,0,0,0,0,0,0,0,0,0,0,0
smyth-correct,0,0,0,0,0,0,0,1,2,1,4,6,0,0,0,0,0,0,0,0,0
smyth-rec-correct,0,0,0,0,0,0,0,1,3,1,5,6,0,0,0,0,0,0,0,0,0
burst-sof,0,0,0,0,1,0,0,0,0,0,0,0,0,0,0,0,0,0,0,0,0
smyth-sof,0,0,0,0,0,0,0,0,0,0,0,0,0,0,0,0,0,0,0,0,0
smyth-nosol,0,0,0,0,0,0,0,0,0,0,0,0,0,0,0,0,0,0,0,0,0
syruptime,0,0,0.06110000000000001,58.246399999999994,20.806000000000004,19.9878,0,0,0,0,0,0,0,0,0,0,0,0,0,0,0
burst-time,0,0,5.8094,6.0772,26.2251,3.7298,0,25.36,0,0,0,0,0,0,0,0,0,0,0,0,0
smyth-time,0,0,0.12092800000002,0.5169630000001899,4.033035000000099,23.992768,78.935118,23.458320999999998,26.505171,36.584294,119.47988300000002,322.90549400000003,0,0,0,0,0,0,0,0,0
syruptimeout,0,0,0,0,3,7,10,10,10,10,10,10,0,0,0,0,0,0,0,0,0
burst-timeout,0,0,3,8,7,9,10,9,10,10,10,10,0,0,0,0,0,0,0,0,0
smyth-timeout,0,0,0,0,0,1,0,0,0,1,0,0,0,0,0,0,0,0,0,0,0
list_map,,,,,,,,,,,,,,,,,,,,,
count,0,0,10,10,10,10,10,10,10,10,10,10,0,0,0,0,0,0,0,0,0
syrup-correct,0,0,3,8,9,10,9,10,10,10,9,7,0,0,0,0,0,0,0,0,0
burst-correct,0,0,1,5,7,9,8,9,9,10,10,10,0,0,0,0,0,0,0,0,0
smyth-correct,0,0,0,4,7,10,9,10,10,10,10,10,0,0,0,0,0,0,0,0,0
smyth-rec-correct,0,0,0,6,8,10,9,10,10,10,10,10,0,0,0,0,0,0,0,0,0
burst-sof,0,0,0,0,0,0,0,0,0,0,0,0,0,0,0,0,0,0,0,0,0
smyth-sof,0,0,0,0,0,0,0,0,0,0,0,0,0,0,0,0,0,0,0,0,0
smyth-nosol,0,0,0,0,0,0,0,0,0,0,0,0,0,0,0,0,0,0,0,0,0
syruptime,0,0,0.018600000000000002,0.0282,0.07420000000000002,0.34390000000000004,1.0294,4.041399999999999,21.4495,113.73580000000001,230.36819999999997,381.095,0,0,0,0,0,0,0,0,0
burst-time,0,0,1.9495,2.9489,6.9588,92.54770000000002,9.227900000000002,39.0515,36.797900000000006,28.2668,80.5267,4.784299999999999,0,0,0,0,0,0,0,0,0
smyth-time,0,0,0.45113800000000004,0.6762280000003,0.5348250000001,0.44670099999980006,0.5327870000003,0.46162700000020007,0.4991090000001999,0.514409,0.5020630000002,0.5464510000002,0,0,0,0,0,0,0,0,0
syruptimeout,0,0,0,0,0,0,0,0,0,0,1,3,0,0,0,0,0,0,0,0,0
burst-timeout,0,0,0,0,0,0,1,0,0,0,0,0,0,0,0,0,0,0,0,0,0
smyth-timeout,0,0,0,0,0,0,0,0,0,0,0,0,0,0,0,0,0,0,0,0,0
list_filter,,,,,,,,,,,,,,,,,,,,,
count,0,0,10,10,10,10,10,10,10,10,10,10,0,0,0,0,0,0,0,0,0
syrup-correct,0,0,0,2,1,7,4,3,0,0,0,0,0,0,0,0,0,0,0,0,0
burst-correct,0,0,0,0,1,0,2,3,4,5,4,6,0,0,0,0,0,0,0,0,0
smyth-correct,0,0,0,0,1,1,3,3,6,5,6,9,0,0,0,0,0,0,0,0,0
smyth-rec-correct,0,0,0,0,1,2,3,3,6,5,6,9,0,0,0,0,0,0,0,0,0
burst-sof,0,0,0,0,0,0,0,0,0,0,0,0,0,0,0,0,0,0,0,0,0
smyth-sof,0,0,0,0,0,0,0,0,0,0,0,0,0,0,0,0,0,0,0,0,0
smyth-nosol,0,0,0,0,0,0,1,0,0,0,0,0,0,0,0,0,0,0,0,0,0
syruptime,0,0,0.013699999999999999,3.1612999999999998,7.747,40.9521,148.5157,275.8211,41.6048,0,0,0,0,0,0,0,0,0,0,0,0
burst-time,0,0,0.15220000000000003,1.779,21.935399999999998,13.2263,132.59390000000002,166.11769999999999,43.0223,48.887100000000004,39.0655,58.0404,0,0,0,0,0,0,0,0,0
smyth-time,0,0,0.24565499999989998,0.3752760000001,1.1733150000005002,0.8153539999999999,1.0337990000001,1.8044440000002,1.7478820000002,3.2533749999999997,10.865390000000001,9.330135,0,0,0,0,0,0,0,0,0
syruptimeout,0,0,0,0,0,0,2,2,9,10,10,10,0,0,0,0,0,0,0,0,0
burst-timeout,0,0,0,1,2,2,4,4,2,2,2,3,0,0,0,0,0,0,0,0,0
smyth-timeout,0,0,0,0,0,0,1,0,0,0,0,0,0,0,0,0,0,0,0,0,0
list_fold,,,,,,,,,,,,,,,,,,,,,
count,0,0,10,10,10,10,10,10,10,10,10,10,0,0,0,0,0,0,0,0,0
syrup-correct,0,0,0,0,0,0,0,0,0,0,0,0,0,0,0,0,0,0,0,0,0
burst-correct,0,0,0,0,0,0,0,0,0,0,0,0,0,0,0,0,0,0,0,0,0
smyth-correct,0,0,0,0,6,8,10,8,9,9,9,10,0,0,0,0,0,0,0,0,0
smyth-rec-correct,0,0,0,0,6,8,10,8,9,9,9,10,0,0,0,0,0,0,0,0,0
burst-sof,0,0,0,0,0,0,0,0,0,0,0,0,0,0,0,0,0,0,0,0,0
smyth-sof,0,0,0,0,0,0,0,0,0,0,0,0,0,0,0,0,0,0,0,0,0
smyth-nosol,0,0,0,0,0,0,0,0,0,0,0,0,0,0,0,0,0,0,0,0,0
syruptime,0,0,0.44659999999999994,2.6369999999999996,0.0475,0.2966,0,0,0,0,0,0,0,0,0,0,0,0,0,0,0
burst-time,0,0,9.736800000000004,89.96209999999999,80.2042,0,0,0,0,0,0,0,0,0,0,0,0,0,0,0,0
smyth-time,0,0,1.916932,2.631034,5.715855,10.604901,12.518979000000002,12.419439,9.214039999999999,12.972000000000001,13.933688,9.51823,0,0,0,0,0,0,0,0,0
syruptimeout,0,0,0,0,8,9,10,10,10,10,10,10,0,0,0,0,0,0,0,0,0
burst-timeout,0,0,0,4,8,10,10,10,10,10,10,10,0,0,0,0,0,0,0,0,0
smyth-timeout,0,0,0,0,0,0,0,0,0,0,0,0,0,0,0,0,0,0,0,0,0
tree_count_leaves,,,,,,,,,,,,,,,,,,,,,
count,0,0,10,10,10,10,10,10,10,10,10,10,0,0,0,0,0,0,0,0,0
syrup-correct,0,0,7,9,2,0,0,0,0,0,0,0,0,0,0,0,0,0,0,0,0
burst-correct,0,0,2,1,0,1,2,1,1,1,4,0,0,0,0,0,0,0,0,0,0
smyth-correct,0,0,0,6,8,8,9,9,10,10,10,10,0,0,0,0,0,0,0,0,0
smyth-rec-correct,0,0,0,6,8,8,9,9,10,10,10,10,0,0,0,0,0,0,0,0,0
burst-sof,0,0,0,0,0,0,0,0,0,0,0,0,0,0,0,0,0,0,0,0,0
smyth-sof,0,0,0,0,0,0,0,0,0,0,0,0,0,0,0,0,0,0,0,0,0
smyth-nosol,0,0,0,0,0,0,0,0,0,0,0,0,0,0,0,0,0,0,0,0,0
syruptime,0,0,2.0354,146.7117,148.8343,0,0,0,0,0,0,0,0,0,0,0,0,0,0,0,0
burst-time,0,0,206.05289999999997,24.372200000000003,0,66.7207,31.5081,9.3277,64.9145,10.0741,231.5946,0,0,0,0,0,0,0,0,0,0
smyth-time,0,0,0.19403800000020002,30.5817240000002,79.7924139999998,110.1952770000002,200.8187440000001,202.084485,190.58960499999998,202.19030500000002,233.00669499999998,337.813797,0,0,0,0,0,0,0,0,0
syruptimeout,0,0,0,0,7,10,10,10,10,10,10,10,0,0,0,0,0,0,0,0,0
burst-timeout,0,0,6,8,10,9,8,9,9,9,6,10,0,0,0,0,0,0,0,0,0
smyth-timeout,0,0,0,0,0,0,0,0,0,0,0,0,0,0,0,0,0,0,0,0,0
tree_count_nodes,,,,,,,,,,,,,,,,,,,,,
count,0,0,10,10,10,10,10,10,10,10,10,10,0,0,0,0,0,0,0,0,0
syrup-correct,0,0,0,1,1,8,10,5,3,0,0,0,0,0,0,0,0,0,0,0,0
burst-correct,0,0,0,0,0,2,1,1,2,0,0,0,0,0,0,0,0,0,0,0,0
smyth-correct,0,0,0,1,2,8,10,8,9,10,10,10,0,0,0,0,0,0,0,0,0
smyth-rec-correct,0,0,0,1,2,8,10,8,9,10,10,10,0,0,0,0,0,0,0,0,0
burst-sof,0,0,0,0,0,0,0,0,0,0,0,0,0,0,0,0,0,0,0,0,0
smyth-sof,0,0,0,0,0,0,0,0,0,0,0,0,0,0,0,0,0,0,0,0,0
smyth-nosol,0,0,0,0,0,0,0,0,0,0,0,0,0,0,0,0,0,0,0,0,0
syruptime,0,0,0.093,0.24960000000000002,1.3013000000000001,20.407999999999998,148.45770000000002,304.2432,102.7114,0,0,0,0,0,0,0,0,0,0,0,0
burst-time,0,0,26.314799999999998,10.144300000000001,137.6028,98.9027,93.8185,77.9769,107.67099999999999,0,0,0,0,0,0,0,0,0,0,0,0
smyth-time,0,0,0.14818800000030002,1.0925740000001,2.8993240000001004,15.043986,20.339055,18.372787000000002,25.8884490000001,30.647645,33.95585200000001,47.348981,0,0,0,0,0,0,0,0,0
syruptimeout,0,0,0,0,0,0,0,3,7,10,10,10,0,0,0,0,0,0,0,0,0
burst-timeout,0,0,0,6,5,8,9,9,8,10,10,10,0,0,0,0,0,0,0,0,0
smyth-timeout,0,0,0,0,0,0,0,0,0,0,0,0,0,0,0,0,0,0,0,0,0
tree_inorder,,,,,,,,,,,,,,,,,,,,,
count,0,0,10,10,10,10,10,10,10,10,10,10,0,0,0,0,0,0,0,0,0
syrup-correct,0,0,0,0,0,0,0,0,0,0,0,0,0,0,0,0,0,0,0,0,0
burst-correct,0,0,0,0,0,0,0,3,0,0,2,1,0,0,0,0,0,0,0,0,0
smyth-correct,0,0,0,7,5,9,10,10,10,10,10,10,0,0,0,0,0,0,0,0,0
smyth-rec-correct,0,0,0,7,5,9,10,10,10,10,10,10,0,0,0,0,0,0,0,0,0
burst-sof,0,0,0,0,0,0,0,0,0,0,0,0,0,0,0,0,0,0,0,0,0
smyth-sof,0,0,0,0,0,0,0,0,0,0,0,0,0,0,0,0,0,0,0,0,0
smyth-nosol,0,0,0,0,0,0,0,0,0,0,0,0,0,0,0,0,0,0,0,0,0
syruptime,0,0,0.060599999999999994,0.0032000000000000006,0.010499999999999999,0,0,0,0,0,0,0,0,0,0,0,0,0,0,0,0
burst-time,0,0,11.5802,119.9316,35.31270000000001,0.5509,67.81750000000001,123.68369999999999,0,17.2065,35.5415,117.8759,0,0,0,0,0,0,0,0,0
smyth-time,0,0,0.150237,1.8939200000001,1.9160619999999,3.958648,3.443556,3.879477,4.013337000000001,5.492125999999999,4.812461999999999,6.363239,0,0,0,0,0,0,0,0,0
syruptimeout,0,0,3,7,7,10,10,10,10,10,10,10,0,0,0,0,0,0,0,0,0
burst-timeout,0,0,3,5,4,9,7,7,10,9,7,9,0,0,0,0,0,0,0,0,0
smyth-timeout,0,0,0,0,0,0,0,0,0,0,0,0,0,0,0,0,0,0,0,0,0
tree_inorder_bool,,,,,,,,,,,,,,,,,,,,,
count,0,0,10,10,10,10,10,10,10,10,10,10,0,0,0,0,0,0,0,0,0
syrup-correct,0,0,0,0,0,0,0,0,0,0,0,0,0,0,0,0,0,0,0,0,0
burst-correct,0,0,1,0,0,0,1,0,0,0,0,0,0,0,0,0,0,0,0,0,0
smyth-correct,0,0,0,7,10,10,10,10,10,10,10,10,0,0,0,0,0,0,0,0,0
smyth-rec-correct,0,0,0,7,10,10,10,10,10,10,10,10,0,0,0,0,0,0,0,0,0
burst-sof,0,0,0,0,0,0,0,0,0,0,0,0,0,0,0,0,0,0,0,0,0
smyth-sof,0,0,0,0,0,0,0,0,0,0,0,0,0,0,0,0,0,0,0,0,0
smyth-nosol,0,0,0,0,0,0,0,0,0,0,0,0,0,0,0,0,0,0,0,0,0
syruptime,0,0,3.5229,0,0,0,0,0,0,0,0,0,0,0,0,0,0,0,0,0,0
burst-time,0,0,171.29410000000001,55.6269,0,0,71.4271,0,0,0,0,0,0,0,0,0,0,0,0,0,0
smyth-time,0,0,0.2961869999996,5.803061,9.358383,5.235948,7.523655999999999,8.251605,10.421429,8.972747,9.626244,11.124505999999998,0,0,0,0,0,0,0,0,0
syruptimeout,0,0,8,10,10,10,10,10,10,10,10,10,0,0,0,0,0,0,0,0,0
burst-timeout,0,0,6,8,10,10,9,10,10,10,10,10,0,0,0,0,0,0,0,0,0
smyth-timeout,0,0,0,0,0,0,0,0,0,0,0,0,0,0,0,0,0,0,0,0,0
tree_postorder,,,,,,,,,,,,,,,,,,,,,
count,0,0,10,10,10,10,10,10,10,10,10,10,0,0,0,0,0,0,0,0,0
syrup-correct,0,0,0,0,0,0,0,0,0,0,0,0,0,0,0,0,0,0,0,0,0
burst-correct,0,0,0,0,2,0,0,0,0,0,0,0,0,0,0,0,0,0,0,0,0
smyth-correct,0,0,0,0,0,0,0,0,0,0,0,0,0,0,0,0,0,0,0,0,0
smyth-rec-correct,0,0,0,0,0,0,0,0,0,0,0,0,0,0,0,0,0,0,0,0,0
burst-sof,0,0,0,0,0,0,0,0,0,0,0,0,0,0,0,0,0,0,0,0,0
smyth-sof,0,0,0,0,0,0,0,0,0,0,0,0,0,0,0,0,0,0,0,0,0
smyth-nosol,0,0,0,0,0,0,0,0,0,0,0,0,0,0,0,0,0,0,0,0,0
syruptime,0,0,0.9790000000000001,0.0028,0,1.9666,0,0,0,0,0,0,0,0,0,0,0,0,0,0,0
burst-time,0,0,3.383,14.0167,86.33460000000001,0.4364,0,0,0,0,130.5372,0,0,0,0,0,0,0,0,0,0
smyth-time,0,0,0.261354,80.87311900000012,54.701924999999996,186.170156,168.33507400000002,105.648715,92.717177,8.75617,3.712822,0.79773,0,0,0,0,0,0,0,0,0
syruptimeout,0,0,3,9,10,9,10,10,10,10,10,10,0,0,0,0,0,0,0,0,0
burst-timeout,0,0,6,8,6,9,10,10,10,10,8,10,0,0,0,0,0,0,0,0,0
smyth-timeout,0,0,0,1,0,1,0,5,8,8,8,9,0,0,0,0,0,0,0,0,0
tree_preorder,,,,,,,,,,,,,,,,,,,,,
count,0,0,10,10,10,10,10,10,10,10,10,10,0,0,0,0,0,0,0,0,0
syrup-correct,0,0,3,5,5,8,6,6,3,1,0,0,0,0,0,0,0,0,0,0,0
burst-correct,0,0,3,3,5,2,5,1,2,5,4,3,0,0,0,0,0,0,0,0,0
smyth-correct,0,0,0,7,7,10,10,10,10,10,10,10,0,0,0,0,0,0,0,0,0
smyth-rec-correct,0,0,0,7,7,10,10,10,10,10,10,10,0,0,0,0,0,0,0,0,0
burst-sof,0,0,0,0,0,0,0,0,0,0,0,0,0,0,0,0,0,0,0,0,0
smyth-sof,0,0,0,0,0,0,0,0,0,0,0,0,0,0,0,0,0,0,0,0,0
smyth-nosol,0,0,0,0,0,0,0,0,0,0,0,0,0,0,0,0,0,0,0,0,0
syruptime,0,0,0.9868,1.8414,7.781899999999999,68.5414,157.9869,143.79739999999998,79.03059999999999,56.1726,0,0,0,0,0,0,0,0,0,0,0
burst-time,0,0,8.8298,33.84460000000001,40.8432,63.7567,114.04159999999999,8.3403,56.651500000000006,97.423,21.1525,34.6823,0,0,0,0,0,0,0,0,0
smyth-time,0,0,0.1820300000004,1.7142879999999,2.2525939999999,3.5399700000000003,5.437965999999999,5.396323000000001,7.663497,7.761657,7.9004840000000005,10.462152999999999,0,0,0,0,0,0,0,0,0
syruptimeout,0,0,1,1,2,2,4,4,7,9,10,10,0,0,0,0,0,0,0,0,0
burst-timeout,0,0,0,1,2,3,3,7,6,4,5,5,0,0,0,0,0,0,0,0,0
smyth-timeout,0,0,0,0,0,0,0,0,0,0,0,0,0,0,0,0,0,0,0,0,0
tree_nodes_at_level,,,,,,,,,,,,,,,,,,,,,
count,0,0,10,10,10,10,10,10,10,10,10,10,0,0,0,0,0,0,0,0,0
syrup-correct,0,0,0,0,0,0,0,0,0,0,0,0,0,0,0,0,0,0,0,0,0
burst-correct,0,0,0,0,0,0,0,0,0,0,0,0,0,0,0,0,0,0,0,0,0
smyth-correct,0,0,0,0,0,0,0,0,0,0,0,0,0,0,0,0,0,0,0,0,0
smyth-rec-correct,0,0,0,0,0,0,0,0,0,0,0,0,0,0,0,0,0,0,0,0,0
burst-sof,0,0,0,0,0,0,0,0,0,0,0,0,0,0,0,0,0,0,0,0,0
smyth-sof,0,0,0,0,0,0,0,0,0,0,0,0,0,0,0,0,0,0,0,0,0
smyth-nosol,0,0,0,0,0,0,0,0,0,0,0,0,0,0,0,0,0,0,0,0,0
syruptime,0,0,0.0696,138.3236,0.5244,29.884,31.1844,82.3416,0,0,0,0,0,0,0,0,0,0,0,0,0
burst-time,0,0,53.65210000000002,121.773,16.5085,63.4961,236.9326,0,0,0,0,22.2665,0,0,0,0,0,0,0,0,0
smyth-time,0,0,0.25725200000000004,103.4880610000003,113.8080200000001,0.12050900000010001,0.2390949999999,0.15231899999999998,0,0.091733,0,0.100219,0,0,0,0,0,0,0,0,0
syruptimeout,0,0,0,1,8,8,9,9,10,10,10,10,0,0,0,0,0,0,0,0,0
burst-timeout,0,0,0,6,9,9,6,10,10,10,10,9,0,0,0,0,0,0,0,0,0
smyth-timeout,0,0,0,1,7,8,6,8,10,9,10,9,0,0,0,0,0,0,0,0,0
tree_map,,,,,,,,,,,,,,,,,,,,,
count,0,0,10,10,10,10,10,10,10,10,10,10,0,0,0,0,0,0,0,0,0
syrup-correct,0,0,0,4,7,6,6,2,0,0,0,0,0,0,0,0,0,0,0,0,0
burst-correct,0,0,1,6,7,7,9,8,10,10,9,10,0,0,0,0,0,0,0,0,0
smyth-correct,0,0,0,4,7,6,9,10,10,10,10,10,0,0,0,0,0,0,0,0,0
smyth-rec-correct,0,0,0,4,7,6,9,10,10,10,10,10,0,0,0,0,0,0,0,0,0
burst-sof,0,0,0,0,0,0,0,0,0,0,0,0,0,0,0,0,0,0,0,0,0
smyth-sof,0,0,0,0,0,0,0,0,0,0,0,0,0,0,0,0,0,0,0,0,0
smyth-nosol,0,0,0,0,0,0,0,0,0,0,0,0,0,0,0,0,0,0,0,0,0
syruptime,0,0,0.0327,0.3235,5.5167,79.8729,190.5401,165.6673,0,0,0,0,0,0,0,0,0,0,0,0,0
burst-time,0,0,45.5045,173.33639999999997,108.9899,129.8895,108.96540000000002,113.2065,81.5229,183.45069999999998,156.7747,58.9762,0,0,0,0,0,0,0,0,0
smyth-time,0,0,0.6780119999999998,0.7532540000000001,0.7477569999999,0.7878610000002999,0.8162590000005001,0.7219960000001999,0.7002020000001,0.7216200000001,0.7879640000002,0.8407569999999999,0,0,0,0,0,0,0,0,0
syruptimeout,0,0,0,0,0,0,3,8,10,10,10,10,0,0,0,0,0,0,0,0,0
burst-timeout,0,0,0,0,1,0,0,2,0,0,1,0,0,0,0,0,0,0,0,0,0
smyth-timeout,0,0,0,0,0,0,0,0,0,0,0,0,0,0,0,0,0,0,0,0,0
tree_binsert,,,,,,,,,,,,,,,,,,,,,
count,0,0,10,10,10,10,10,10,10,10,10,10,0,0,0,0,0,0,0,0,0
syrup-correct,0,0,0,0,0,0,0,0,0,0,0,0,0,0,0,0,0,0,0,0,0
burst-correct,0,0,0,0,0,0,0,0,0,0,0,0,0,0,0,0,0,0,0,0,0
smyth-correct,0,0,0,0,0,0,0,0,0,0,0,0,0,0,0,0,0,0,0,0,0
smyth-rec-correct,0,0,0,0,0,0,0,0,0,0,0,0,0,0,0,0,0,0,0,0,0
burst-sof,0,0,0,0,0,0,0,0,0,0,0,0,0,0,0,0,0,0,0,0,0
smyth-sof,0,0,0,0,0,0,0,0,0,0,0,0,0,0,0,0,0,0,0,0,0
smyth-nosol,0,0,0,0,0,0,0,0,0,0,0,0,0,0,0,0,0,0,0,0,0
syruptime,0,0,7.351999999999999,165.52660000000003,154.98739999999998,65.7602,0,0,0,0,0,0,0,0,0,0,0,0,0,0,0
burst-time,0,0,43.488800000000005,0,110.2025,5.342,0,0,0,0,0,0,0,0,0,0,0,0,0,0,0
smyth-time,0,0,0.41251099999980007,3.5117699999999,243.08530599999997,270.69320300000004,0,0,0,0,0,0,0,0,0,0,0,0,0,0,0
syruptimeout,0,0,0,2,6,9,10,10,10,10,10,10,0,0,0,0,0,0,0,0,0
burst-timeout,0,0,5,10,8,9,10,10,10,10,10,10,0,0,0,0,0,0,0,0,0
smyth-timeout,0,0,0,0,0,2,10,10,10,10,10,10,0,0,0,0,0,0,0,0,0
